Job Title,Company Name,Location,Skills,Link
Python Automation Engineer,Luxoft (A DXC Technology Company) -,"Cairo, Egypt",Full TimeRemoteExperienced · 3+ Yrs of Exp · IT/Software Development · Engineering - Telecom/Technology · API · Computer Science · Information Technology (IT) · JIRA · Python · Selenium · Software Development · Testing,https://wuzzuf.net/jobs/p/ayajJH3Afl3R-Python-Automation-Engineer-Luxoft-A-DXC-Technology-Company-Cairo-Egypt
Senior Python Automation Engineer,Luxoft (A DXC Technology Company) -,"Cairo, Egypt",Full TimeRemoteExperienced · 5+ Yrs of Exp · IT/Software Development · Engineering - Telecom/Technology · ALM · API · API Testing · Information Technology (IT) · Git · Computer Science · Development · JIRA,https://wuzzuf.net/jobs/p/kJNETgKZ7v9r-Senior-Python-Automation-Engineer-Luxoft-A-DXC-Technology-Company-Cairo-Egypt
Python Backend Developer – AI & Chatbots,OTIC -,"New Cairo, Cairo, Egypt",Full TimeOn-siteExperienced · 2 - 4 Yrs of Exp · IT/Software Development · Python Backend Developer · Database · Computer Science · Azure · APIs · Software Development · Oracle · Python · Django,https://wuzzuf.net/jobs/p/bwni7B3ow3qc-Python-Backend-Developer-–-AI-Chatbots-OTIC-Cairo-Egypt
AI Developer (Python),Ultimate Solutions Egypt -,"Sheikh Zayed, Giza, Egypt",Full TimeOn-siteExperienced · 2 - 3 Yrs of Exp · IT/Software Development · Analyst/Research · Engineering - Telecom/Technology · AI · AWS · Azure · Computer Science · Data Science · Git · Information Technology (IT),https://wuzzuf.net/jobs/p/DnNwRT2ctCVz-AI-Developer-Python-Ultimate-Solutions-Egypt-Giza-Egypt
Senior Python Developer,Softxpert Incorporation  -,"Bolkly, Alexandria, Egypt",Full TimeHybridExperienced · 3 - 5 Yrs of Exp · Business Development · IT/Software Development · Engineering - Telecom/Technology · APIs · Angular · Software Development · Software Engineering · Web Development · MySQL · Python,https://wuzzuf.net/jobs/p/KORkMc7p1ui1-Senior-Python-Developer-Softxpert-Incorporation-Alexandria-Egypt
Python Developer,CodeElectron -,"Giza, Egypt",Full TimeRemoteEntry Level · 1 - 4 Yrs of Exp · IT/Software Development · Computer Science · back-end · Development · Django · Flask · MongoDB · Python · python development · Design,https://wuzzuf.net/jobs/p/Sf7tvulzj9bq-Python-Developer-CodeElectron-Giza-Egypt
Senior Python Developer,Lena - AI -,"Cairo, Egypt",Full TimeHybridExperienced · 2 - 6 Yrs of Exp · IT/Software Development · Engineering - Telecom/Technology · backend · Python · Computer Science · Database · Flask · Git · Information Technology (IT) · Js,https://wuzzuf.net/jobs/p/Uwa7PzLvP3eS-Senior-Python-Developer-Lena---AI-Cairo-Egypt
Senior ERP Developer,Milkys - The Milkman -,"Sheikh Zayed, Giza, Egypt",Full TimeOn-siteExperienced · 4 - 6 Yrs of Exp · IT/Software Development · Software Development · Programming · ERP-NEXT · Python · R · Front-End Development · Web Development · Agile · APIs,https://wuzzuf.net/jobs/p/eAOYdSfLEH0U-Senior-ERP-Developer-Milkys---The-Milkman-Giza-Egypt
ERPNext Implementation Consultant,Sourcya -,"Alexandria, Egypt",Full TimeHybridExperienced · 3 - 5 Yrs of Exp · Accounting/Finance · Administration · IT/Software Development · ERPNext · Consultant · Implementation · Manufacturing · Supply Chain · Finance · ERP Implementation,https://wuzzuf.net/jobs/p/smrOf2JkftPo-ERPNext-Implementation-Consultant-Sourcya-Alexandria-Egypt
Senior Data Analyst,Mobility Pro DMCC -,"Azarita, Alexandria, Egypt",Full TimeOn-siteExperienced · 5+ Yrs of Exp · IT/Software Development · Analyst/Research · Data Analysis · Data Science · Microsoft Excel · Power BI · SQL · Python · Statistics · Machine Learning,https://wuzzuf.net/jobs/p/ltw4ifgm6LZ9-Senior-Data-Analyst-Mobility-Pro-DMCC-Alexandria-Egypt
IoT Engineer,HITS Solutions -,"Nasr City, Cairo, Egypt",Full TimeOn-siteExperienced · 1 - 3 Yrs of Exp · Installation/Maintenance/Repair · IT/Software Development · Engineering - Telecom/Technology · IOT · Engineering · Computer Science · Information Technology (IT) · MQTT · Embedded Systems · Python,https://wuzzuf.net/jobs/p/WleQ0i3oYrFB-IoT-Engineer-HITS-Solutions-Cairo-Egypt
Junior QA Engineer,EXALT Technologies  -,"Sheraton, Cairo, Egypt",Full TimeHybridExperienced · 1 - 3 Yrs of Exp · IT/Software Development · Quality · Engineering - Telecom/Technology · Agile · Automation · Computer Science · Engineering · JMeter · Python · QA,https://wuzzuf.net/jobs/p/K9q83Lfpcdbw-Junior-QA-Engineer-EXALT-Technologies-Cairo-Egypt
Odoo Developer,Informatique Education -,"Cairo, Egypt",Full TimeOn-siteExperienced · 3 - 5 Yrs of Exp · Installation/Maintenance/Repair · IT/Software Development · Engineering - Telecom/Technology · Odoo · Odoo ERP · Python,https://wuzzuf.net/jobs/p/t1YUcWeoElva-Odoo-Developer-Informatique-Education-Cairo-Egypt
Tech Lead Data Engineering,HYVE Technology Consulting  -,"Nasr City, Cairo, Egypt",Full TimeHybridManager · 6 - 11 Yrs of Exp · IT/Software Development · Computer Engineering · Data · Data Analysis · ETL · Hadoop · Python · Relational Databases · SQL · IBM DataStage,https://wuzzuf.net/jobs/p/nHeVsI4SX3Hp-Tech-Lead-Data-Engineering-HYVE-Technology-Consulting-Cairo-Egypt
Application Support Engineer,etisal for advanced industries  -,"6th of October, Giza, Egypt",Full TimeOn-siteEntry Level · 2 - 3 Yrs of Exp · Installation/Maintenance/Repair · IT/Software Development · Engineering - Telecom/Technology · computer · Information Technology (IT) · Computer Science · Database · Engineering · ERP · Microsoft Office,https://wuzzuf.net/jobs/p/cq5DtTeQBI3B-Application-Support-Engineer-etisal-for-advanced-industries-Giza-Egypt
Full Stack Developer,orspra -,"Hadayek October, Giza, Egypt",Full TimeOn-siteEntry Level · 1 - 5 Yrs of Exp · IT/Software Development · Python · JavaScript · CSS · HTML · jQuery · Django · PHP,https://wuzzuf.net/jobs/p/uHH6M6b3NTAr-Full-Stack-Developer-orspra-Giza-Egypt
Senior Cloud Solution Architect,EXALT Technologies  -,"Sheraton, Cairo, Egypt",Full TimeHybridExperienced · 5+ Yrs of Exp · Installation/Maintenance/Repair · IT/Software Development · Engineering - Telecom/Technology · Cloud · Computer Science · DevOps · Engineering · Information Technology (IT) · Infrastructure · Linux,https://wuzzuf.net/jobs/p/4uAgQcQKfaTC-Senior-Cloud-Solution-Architect-EXALT-Technologies-Cairo-Egypt
Manager - Data Intelligence Analyst,Almosafer -,"Mohandessin, Giza, Egypt",Full TimeOn-siteManager · 5 - 8 Yrs of Exp · Analyst/Research · Tourism/Travel · Power BI · Quicksight · Tableau · Genesys · LiveEngage · Data Analytics · SQL · Microsoft Office,https://wuzzuf.net/jobs/p/H4UTl8Xz7L56-Manager---Data-Intelligence-Analyst-Almosafer-Giza-Egypt
Senior Devops Engineer,Seoudi Supermarket -,"Sheikh Zayed, Giza, Egypt",Full TimeOn-siteExperienced · 5 - 7 Yrs of Exp · IT/Software Development · Engineering - Telecom/Technology · Engineering - Mechanical/Electrical · Engineering · Information Technology (IT) · Linux · Python · Software · Software Development · Git,https://wuzzuf.net/jobs/p/ztuXO5YntVZ9-Senior-Devops-Engineer-Seoudi-Supermarket-Giza-Egypt
Senior Linux System Administrator,TopLine  -,"Cairo, Egypt",Full TimeRemoteExperienced · 4+ Yrs of Exp · Installation/Maintenance/Repair · IT/Software Development · Engineering - Telecom/Technology · AWS · Computer Science · Information Technology (IT) · Linux · Maintenance · SQL · System Administration,https://wuzzuf.net/jobs/p/zRc6c8RWsqyW-Senior-Linux-System-Administrator-TopLine-Cairo-Egypt
Django Developer,Rehabitaire -,"Maadi, Cairo, Egypt",Full TimeOn-siteExperienced · 3+ Yrs of Exp · Creative/Design/Art · IT/Software Development · Engineering - Telecom/Technology · AWS · API · Django · Git · Information Technology (IT) · RESTful · Python,https://wuzzuf.net/jobs/p/igyZri08SA7M-Django-Developer-Rehabitaire-Cairo-Egypt
Odoo Developer Intern (Technical Role),OdooTec -,"New Cairo, Cairo, Egypt",InternshipOn-siteEntry Level · 0 - 1 Yrs of Exp · IT/Software Development · Information Technology (IT) · English · Computer Science · Python · Programming · Software Development · Software Engineering · Software · Odoo,https://wuzzuf.net/internship/5MiM5XmoVEWq-Odoo-Developer-Intern-Technical-Role-OdooTec-Cairo-Egypt
Backend Developer,WTDD -,"6th of October, Giza, Egypt",Full TimeRemoteExperienced · 2+ Yrs of Exp · IT/Software Development · APIs · Node.js · PostgreSQL · MongoDB · OAuth · RBAC · RESTful APIs · GraphQL · backend,https://wuzzuf.net/jobs/p/2hjmti4cHPaf-Backend-Developer-WTDD-Giza-Egypt
System Integration Engineer,Nullogic -,"Maadi, Cairo, Egypt",InternshipOn-siteStudent · Installation/Maintenance/Repair · IT/Software Development · Engineering - Mechanical/Electrical · Computer Engineering · Engineering · Computer Science · Information Technology (IT) · Communication skills · Networking · Electrical Engineering,https://wuzzuf.net/internship/2Zn4JoouOUXU-System-Integration-Engineer-Nullogic-Cairo-Egypt
System Administrator Team Lead,ECC Group -,"Nasr City, Cairo, Egypt",Full TimeOn-siteManager · 7 - 10 Yrs of Exp · IT/Software Development · Computer Science · Information Technology (IT) · Business Administration · Odoo ERP · Python · Engineering · Network Administration · Administration · Information Systems,https://wuzzuf.net/jobs/p/vBODiIySSELa-System-Administrator-Team-Lead-ECC-Group-Cairo-Egypt
Website Development / AI Developer,Avetti Commerce FZCO -,"Heliopolis, Cairo, Egypt",Full TimeRemoteEntry Level · 1 - 2 Yrs of Exp · IT/Software Development · ecommerce · Programming Language · it · Web Development · Web · Information Technology (IT) · AI · CMS · WordPress CMS,https://wuzzuf.net/jobs/p/9SnZTiGwnKhf-Website-Development-AI-Developer-Avetti-Commerce-FZCO-Cairo-Egypt
Software Developer,Nile University -,"Sheikh Zayed, Giza, Egypt",Full TimeOn-siteExperienced · 1 - 3 Yrs of Exp · IT/Software Development · Quality · Engineering - Telecom/Technology · Agile · Computer Science · Engineering · Information Technology (IT) · Java · MySQL · Programming,https://wuzzuf.net/jobs/p/HU9FLgcoyHX0-Software-Developer-Nile-University-Giza-Egypt
Data Analyst,Confidential -,"New Cairo, Cairo, Egypt",Full TimeOn-siteExperienced · 2 - 5 Yrs of Exp · Administration · IT/Software Development · Engineering - Telecom/Technology · Computer Science · Data · Data Entry · Data Mining · Database · Engineering · Information Technology (IT),https://wuzzuf.net/jobs/p/l2JhewRjBoNv-Data-Analyst-Cairo-Egypt
Data Analyst Manager,WUZZUF -,"Maadi, Cairo, Egypt",Full TimeHybridManager · 7 - 15 Yrs of Exp · IT/Software Development · Analyst/Research · Engineering - Telecom/Technology · Analysis · business · Computer Engineering · Computer Science · Data Analysis · Engineering · Microsoft Excel,https://wuzzuf.net/jobs/p/78pUnInNIct1-Data-Analyst-Manager-WUZZUF-Cairo-Egypt
Frontend Developer,Next Byte Lab -,"Dubai, United Arab Emirates",Full TimeRemoteExperienced · 3 - 4 Yrs of Exp · IT/Software Development · Engineering - Telecom/Technology · Redux · React · Software Development · automated testing · tailwind · Bootstrap · Computer Science · JavaScript,https://wuzzuf.net/jobs/p/kWNHYIUQpcWD-Frontend-Developer-Next-Byte-Lab-Dubai-United-Arab-Emirates
Senior Linux System Admin (+3 years experience),3D Diagnostix -,"Maadi, Cairo, Egypt",Full TimeHybridExperienced · 3+ Yrs of Exp · Installation/Maintenance/Repair · IT/Software Development · Engineering - Telecom/Technology · Linux · System Administration · Information Technology (IT) · Network Administration · AWS · Bash · MySQL,https://wuzzuf.net/jobs/p/3bPtAsc7B4zP-Senior-Linux-System-Admin-3-years-experience-3D-Diagnostix-Cairo-Egypt
Data Analyst,London International Patient Services -,"Heliopolis, Cairo, Egypt",Full TimeHybridExperienced · 2 - 3 Yrs of Exp · Business Development · IT/Software Development · Analysis · Computer Science · Data Analysis · BI · Power BI · Python · SQL · Information Technology (IT),https://wuzzuf.net/jobs/p/s5BzCzLsEb7k-Data-Analyst-London-International-Patient-Services-Cairo-Egypt
Senior Data Scientist – Data & AI Practice,BrickRed Technologies  -,"New Cairo, Cairo, Egypt",Full TimeOn-siteExperienced · 8+ Yrs of Exp · IT/Software Development · Analyst/Research · Engineering - Telecom/Technology · Business Intelligence · business intelligence tools · Computer Science · data scientist · Engineering · Data Science · Java,https://wuzzuf.net/jobs/p/blQaTPf3FZrQ-Senior-Data-Scientist-–-Data-AI-Practice-BrickRed-Technologies-Cairo-Egypt
Data Science Instructor,EpsilonAI -,"Nasr City, Cairo, Egypt",Full TimePart TimeHybridExperienced · 1+ Yrs of Exp · IT/Software Development · Engineering - Telecom/Technology · Training/Instructor · Data Science · Computer Science · Computer Engineering · Python · Machine Learning · Deep Learning · Artificial Intelligence (AI),https://wuzzuf.net/jobs/p/YxSY0hsJcmQb-Data-Science-Instructor-EpsilonAI-Cairo-Egypt
"Software Engineer (React js, Django)",Dexi -,"Dokki, Giza, Egypt",Full TimeRemoteExperienced · 2+ Yrs of Exp · IT/Software Development · Engineering - Telecom/Technology · React.js · Redux · Django · React Native · REST · APIs · Git · Python,https://wuzzuf.net/jobs/p/U2YpJIZA7ruP-Software-Engineer-React-js-Django-Dexi-Giza-Egypt
Senior AI Engineer,Lumin -,"Sheikh Zayed, Giza, Egypt",Full TimeHybridExperienced · 3 - 5 Yrs of Exp · IT/Software Development · AI · Artificial Intelligence · Computer Vision · Machine Learning · TensorFlow · Python · Computer Science · Programming · PyTorch,https://wuzzuf.net/jobs/p/haTCZJoRemW2-Senior-AI-Engineer-Lumin-Giza-Egypt
DevOps - MLOps,Rehabitaire -,"Maadi, Cairo, Egypt",Full TimeOn-siteExperienced · 2+ Yrs of Exp · Installation/Maintenance/Repair · IT/Software Development · Engineering - Telecom/Technology · AWS · CI/CD · Cloud · Computer Science · DevOps · Docker · Engineering,https://wuzzuf.net/jobs/p/5w9zqLvpCRlY-DevOps---MLOps-Rehabitaire-Cairo-Egypt
Data Analyst,Luminar -,"New Cairo, Cairo, Egypt",Full TimeRemoteExperienced · 2 - 5 Yrs of Exp · Analyst/Research · Engineering - Telecom/Technology · Analysis · Analyst · Computer Science · Data Analysis · Data Analyst · Data · Information Technology (IT) · Tableau,https://wuzzuf.net/jobs/p/cZhEcNziXcWL-Data-Analyst-Luminar-Cairo-Egypt
Senior Data Engineer,Erada -,"Maadi, Cairo, Egypt",Full TimeOn-siteExperienced · 4 - 6 Yrs of Exp · IT/Software Development · Engineering - Telecom/Technology · Engineering - Mechanical/Electrical · Engineering · Computer Science · NoSQL · Python · Java · Programming · Software Development,https://wuzzuf.net/jobs/p/iUAnN9ZpOck8-Senior-Data-Engineer-Erada-Cairo-Egypt
Full Stack Developer,Digital Plus Technology -,"Cairo, Egypt",Full TimeHybridExperienced · 5+ Yrs of Exp · IT/Software Development · Development · front-end · CSS3 · HTML5 · JavaScript · Software Development · Web Development · Git · Bootstrap,https://wuzzuf.net/jobs/p/ZPJgS7Di0NJb-Full-Stack-Developer-Digital-Plus-Technologu-Cairo-Egypt
Computer Vision Engineer,Rehabitaire -,"Maadi, Cairo, Egypt",Full TimeOn-siteExperienced · 1+ Yrs of Exp · R&D/Science · IT/Software Development · Engineering - Telecom/Technology · Analysis · AWS · Cloud · computer · Computer Science · Development · Engineering,https://wuzzuf.net/jobs/p/u5qy7UN8O9q2-Computer-Vision-Engineer-Rehabitaire-Cairo-Egypt
Odoo Developer,TDS - Talents Digital Services. -,"Giza, Egypt",Full TimeHybridExperienced · 3 - 5 Yrs of Exp · IT/Software Development · Odoo Development · Odoo ERP · Odoo · python development · ERP Software · ERP Applications,https://wuzzuf.net/jobs/p/knOVzYjsBoqQ-Odoo-Developer-TDS---Talents-Digital-Services-Giza-Egypt
AI Odoo Developer Intern (Technical Role),OdooTec -,"New Cairo, Cairo, Egypt",InternshipOn-siteEntry Level · 0 - 1 Yrs of Exp · IT/Software Development · Information Technology (IT) · English · Computer Science · Python · Programming · Software Development · Software Engineering · Software · AI,https://wuzzuf.net/internship/lyeDPQAeZAmS-AI-Odoo-Developer-Intern-Technical-Role-OdooTec-Cairo-Egypt
DevOps Engineer - Fully Remote Job,Osus Group  -,"Cairo, Egypt",Full TimeRemoteExperienced · 2 - 5 Yrs of Exp · IT/Software Development · Engineering - Telecom/Technology · DevOps · Information Technology (IT) · Computer Science · Software Development · Ruby · Python · Bash · Docker,https://wuzzuf.net/jobs/p/6lYBrSjBVdeb-DevOps-Engineer---Fully-Remote-Job-Osus-Group-Cairo-Egypt
"Senior odoo Developer (Full-Time, Remote)",Centione -,"Nasr City, Cairo, Egypt",Full TimeRemoteExperienced · 3 - 7 Yrs of Exp · IT/Software Development · Database · Computer Science · Information Technology (IT) · Odoo · Software Development · APIs · Development · PostgreSQL · Python,https://wuzzuf.net/jobs/p/5iRyUz4ylivX-Senior-odoo-Developer-Full-Time-Remote-Centione-Cairo-Egypt
"Instructor for Kids, ages 7-17",CodeTreps -,"Mahta Alraml, Alexandria, Egypt",Full TimeOn-siteEntry Level · 1 - 3 Yrs of Exp · IT/Software Development · Education/Teaching · Training/Instructor · Computer Science · code.org · MIT App Inventor · Python · Scratch · JavaScript · Pictoblox,https://wuzzuf.net/jobs/p/ewHwrwQcOFPo-Instructor-for-Kids-ages-7-17-CodeTreps-Alexandria-Egypt
Machine Learning Lead,WUZZUF -,"Maadi, Cairo, Egypt",Full TimeHybridManager · 7 - 10 Yrs of Exp · IT/Software Development · Analyst/Research · Engineering - Telecom/Technology · Algorithms · Communication · Communication skills · Computer Science · Elasticsearch · Information Technology (IT) · learning,https://wuzzuf.net/jobs/p/4Nf60vomcxgU-Machine-Learning-Lead-WUZZUF-Cairo-Egypt
Assembly process Engineer,Groupe- Atlantic -,"10th of Ramadan City, Cairo, Egypt",Full TimeOn-siteExperienced · 1 - 2 Yrs of Exp · Manufacturing/Production · Engineering - Mechanical/Electrical · Engineering · Mechanical Engineering · Production · Process · Manufacturing · Process Improvement · Python · Six Sigma,https://wuzzuf.net/jobs/p/3m1FKO2k56M2-Assembly-process-Engineer-Groupe--Atlantic-Cairo-Egypt
Senior Backend Engineer - Java & SpringBoot,Confidential -,"Cairo, Egypt",Full TimeRemoteExperienced · 5 - 7 Yrs of Exp · IT/Software Development · Java · Design · Computer Science · AWS · Python · Information Technology (IT) · Software Development · Software,https://wuzzuf.net/jobs/p/D77BCXqS0h0c-Senior-Backend-Engineer---Java-SpringBoot-Cairo-Egypt
"Data Scientist & AI Specialist (NLP, AI, Business Intelligence)",Copad Pharma  -,"Cairo, Egypt",Full TimeOn-siteExperienced · 5+ Yrs of Exp · IT/Software Development · AI · Algorithms · Data Science · Machine Learning · Analysis · NLP · Python · PyTorch · NumPy,https://wuzzuf.net/jobs/p/yXQyuPZIsOTQ-Data-Scientist-AI-Specialist-NLP-AI-Business-Intelligence-Copad-Pharma-Cairo-Egypt
Odoo Implementer,Smart Technology Solutions -,"Sheraton, Cairo, Egypt",Full TimeOn-siteExperienced · 3 - 5 Yrs of Exp · IT/Software Development · Engineering - Telecom/Technology · Odoo · Odoo ERP · ERP Implementation · ERP · PostgreSQL · SQL · Python · JavaScript,https://wuzzuf.net/jobs/p/tKobVZFT4ry1-Odoo-Implementer-Smart-Technology-Solutions-Cairo-Egypt
Odoo Implementation Team Leader,Centione -,"Nasr City, Cairo, Egypt",Full TimeOn-siteManager · 5 - 7 Yrs of Exp · IT/Software Development · Computer Science · Implementation · ERP · Odoo Modules · Odoo · Python · Information Technology (IT) · Odoo Development · PostgreSQL,https://wuzzuf.net/jobs/p/6YzAFWOV1XQD-Odoo-Implementation-Team-Leader-Centione-Cairo-Egypt
DevOps Engineer,34ML -,"Heliopolis, Cairo, Egypt",Full TimeHybridEntry Level · 0 - 3 Yrs of Exp · IT/Software Development · Engineering - Telecom/Technology · Software Development · Information Technology (IT) · MEAN Stack · Mobile Development · Objective-C · Software Design · Web Development · Web Design,https://wuzzuf.net/jobs/p/VQ1SNsUhy28P-DevOps-Engineer-34ML-Cairo-Egypt
Senior Odoo Developer,Confidential -,"Nasr City, Cairo, Egypt",Full TimeFreelance / ProjectRemoteExperienced · 7 - 10 Yrs of Exp · IT/Software Development · Odoo · Information Technology (IT) · ERP · Odoo ERP · Accounting · Computer Science · Odoo Development · odoo fanctional · Python,https://wuzzuf.net/jobs/p/YBKxd6jVYNAd-Senior-Odoo-Developer-Cairo-Egypt
UI/UX Designer & Senior Angular Developer,Sindion Technology Ltd -,"Riyadh, Saudi Arabia",Full TimeRemoteExperienced · 2 - 10 Yrs of Exp · IT/Software Development · Angular · Designer · UI/UX · Software Development · Information Technology (IT) · developer · Django Framework · Computer Science · HTML,https://wuzzuf.net/jobs/p/UMinRe8WjTst-UIUX-Designer-Senior-Angular-Developer-Sindion-Technology-Ltd-Riyadh-Saudi-Arabia
Senior GIS Developer,Syad Tech -,"Cairo, Egypt",Full TimeRemoteExperienced · 5 - 10 Yrs of Exp · IT/Software Development · HTML5 · .Net · CSS3 · JavaScript · Python · ASP.Net · GIS · Esri,https://wuzzuf.net/jobs/p/gDXZ8ywdikwc-Senior-GIS-Developer-Syad-Tech-Cairo-Egypt
Erpnext full stack developer,Confidential -,"Nasr City, Cairo, Egypt",Full TimeRemoteExperienced · 3 - 7 Yrs of Exp · IT/Software Development · Engineering - Telecom/Technology · MySQL · front-end · Software Development · Python · JavaScript · erpnext · Agile · APIs,https://wuzzuf.net/jobs/p/rSXFMjJUPTd0-Erpnext-full-stack-developer-Cairo-Egypt
Full Stack Team Lead,Pyramids Pharmacy  -,"Sheikh Zayed, Giza, Egypt",Full TimeHybridManager · 4 - 10 Yrs of Exp · IT/Software Development · Information Technology (IT) · Full Stack · JavaScript · Python · Angular · Computer Science · CSS · HTML · Java,https://wuzzuf.net/jobs/p/KbfFenAbWfKd-Full-Stack-Team-Lead-Pyramids-Pharmacy-Giza-Egypt
Odoo Programmer.,RNCO Business Solutions -,"Riyadh, Saudi Arabia",Full TimeRemoteEntry Level · 1 - 3 Yrs of Exp · IT/Software Development · Odoo · Python · Odoo Development · Computer Science · Information Technology (IT) · Programming,https://wuzzuf.net/jobs/p/pcuH9X6t6qJ6-Odoo-Programmer-RNCO-Business-Solutions-Riyadh-Saudi-Arabia
Senior Odoo developer,Ejad -,"Dokki, Giza, Egypt",Full TimeHybridExperienced · 3 - 5 Yrs of Exp · IT/Software Development · Engineering - Telecom/Technology · Python · Odoo Development · Odoo ERP · Odoo · Software Development · Software Engineering · Computer Science · HTML,https://wuzzuf.net/jobs/p/aWxrzqET9nUW-Senior-Odoo-developer-Ejad-Giza-Egypt
Senior Analytics Developer,Xceed Contact Center -,"Maadi, Cairo, Egypt",Full TimeOn-siteExperienced · 2 - 3 Yrs of Exp · IT/Software Development · Engineering - Telecom/Technology · Python · Analysis · Azure · Cloud · Communication · Information Technology (IT) · SQL · Software Engineering,https://wuzzuf.net/jobs/p/Qi8uGaN9PRPn-Senior-Analytics-Developer-Xceed-Contact-Center-Cairo-Egypt
Odoo Developer,Confidential -,"Cairo, Egypt",Full TimeOn-siteExperienced · 2 - 4 Yrs of Exp · IT/Software Development · Computer Science · front-end · Information Technology (IT) · IT · Odoo Developer · Odoo · CSS · Git · HTML,https://wuzzuf.net/jobs/p/rFjGUEFMIYNu-Odoo-Developer-Cairo-Egypt
Instructor,Confidential -,"Maadi, Cairo, Egypt",Part TimeFreelance / ProjectOn-siteEntry Level · 1 - 2 Yrs of Exp · Engineering - Telecom/Technology · Computer Science · Computer Skills · Instructor · Kids · Programming · Python · Robotics · Teaching · Training,https://wuzzuf.net/jobs/p/SSzp2Xw1Szuy-Instructor-Cairo-Egypt
Senior AI Developer,Xceed Contact Center -,"Maadi, Cairo, Egypt",Full TimeOn-siteExperienced · 2 - 3 Yrs of Exp · IT/Software Development · Engineering - Telecom/Technology · AI · Azure · AWS · Cloud · Computer Science · Information Technology (IT) · Python · Software Development,https://wuzzuf.net/jobs/p/Ru7bHm72hDE3-Senior-AI-Developer-Xceed-Contact-Center-Cairo-Egypt
Business Analyst,Misr Elkheir Foundation -,"Mokattam, Cairo, Egypt",Full TimeOn-siteExperienced · 4 - 7 Yrs of Exp · Business Development · Project/Program Management · Analyst/Research · Analysis · analytical · BI · business · Information Technology (IT) · Financial Analysis · Data Analysis,https://wuzzuf.net/jobs/p/bJWKYpm8mYO9-Business-Analyst-Misr-Elkheir-Foundation-Cairo-Egypt
Software Engineer,Merx -,"Cairo, Egypt",Full TimeHybridExperienced · 2+ Yrs of Exp · IT/Software Development · Engineering - Telecom/Technology · Python · Software Development · Software · Software Engineering · Startup · Django · AI · Artificial Intelligence (AI),https://wuzzuf.net/jobs/p/nd1nSp9RfUZS-Software-Engineer-Merx-Cairo-Egypt
RPA Senior Developer,Xceed Contact Center -,"Maadi, Cairo, Egypt",Full TimeOn-siteExperienced · 3 - 5 Yrs of Exp · Business Development · Engineering - Telecom/Technology · AWS · Computer Science · Python · Google Cloud,https://wuzzuf.net/jobs/p/hukfsMiwahx8-RPA-Senior-Developer-Xceed-Contact-Center-Cairo-Egypt
AI/ML Developer Senior Supervisor,Xceed Contact Center -,"Maadi, Cairo, Egypt",Full TimeOn-siteManager · 7 - 7 Yrs of Exp · Engineering - Telecom/Technology · Computer Science · Engineering · LLMs · Python · AI · ML,https://wuzzuf.net/jobs/p/KC6haYwL4NUC-AIML-Developer-Senior-Supervisor-Xceed-Contact-Center-Cairo-Egypt
Full Stack Developer,Confidential -,"Riyadh, Saudi Arabia",Full TimeRemoteExperienced · 2 - 5 Yrs of Exp · IT/Software Development · Engineering - Telecom/Technology · Computer Science · Full Stack · HTML · Information Technology (IT) · JavaScript · Software Development · PHP · MySQL,https://wuzzuf.net/jobs/p/WGTy8QZpavJl-Full-Stack-Developer-Riyadh-Saudi-Arabia
Full Stack Developer,Bone Trax -,"Riyadh, Saudi Arabia",Full TimeRemoteExperienced · 3 - 4 Yrs of Exp · IT/Software Development · Full Stack · Development · Programming · Angular · Computer Science · front-end · Information Technology (IT) · JavaScript · Node.js,https://wuzzuf.net/jobs/p/hzkGMua8OFRZ-Full-Stack-Developer-Bone-Trax-Riyadh-Saudi-Arabia
Senior Full Stack Developer,RMG -,"Cairo, Egypt",Full TimeOn-siteExperienced · 3 - 6 Yrs of Exp · IT/Software Development · Python · Angular · React · Information Technology (IT) · Node.js · Computer Science · Software Development,https://wuzzuf.net/jobs/p/BilEXG8Jzdor-Senior-Full-Stack-Developer-RMG-Cairo-Egypt
System Administrator,Egypt Best Properties -,"Giza, Egypt",Full TimeOn-siteExperienced · 3 - 5 Yrs of Exp · IT/Software Development · Communication · Computer Science · Engineering · Information Technology (IT) · MCSA · networks · LAN · Python · Security,https://wuzzuf.net/jobs/p/6VAm1djZdxbG-System-Administrator-Egypt-Best-Properties-Giza-Egypt
AI and Machine Learning Engineer,Barkotel -,"Sheraton, Cairo, Egypt",Full TimeHybridEntry Level · IT/Software Development · Sales/Retail · Engineering - Telecom/Technology · Computer Vision · Data Analytics · Machine Learning · Artificial Intelligence (AI) · Software Engineering · Programming · Computer Science,https://wuzzuf.net/jobs/p/guAMdmjr881f-AI-and-Machine-Learning-Engineer-Barkotel-Cairo-Egypt
Technical Support Engineer,Fuzu Remote -,"Cairo, Egypt",Shift BasedRemoteExperienced · 3 - 5 Yrs of Exp · IT/Software Development · Testing · Debugging · Python · JavaScript · Data Analytics · C #/C++/C · Engineering · Angular · Communication skills,https://wuzzuf.net/jobs/p/R8w5GPrgNcdy-Technical-Support-Engineer-Fuzu-Remote-Cairo-Egypt
Software Business Developer,Gila Electric -,"Cairo, Egypt",Full TimeOn-siteExperienced · 4 - 6 Yrs of Exp · Business Development · IT/Software Development · Design · Software Development · Engineering,https://wuzzuf.net/jobs/p/GDUrs6Kf5RMl-Software-Business-Developer-Gila-Electric-Cairo-Egypt
Senior IT Engineer,JAC -,"Badr City, Cairo, Egypt",Full TimeOn-siteExperienced · 5 - 10 Yrs of Exp · IT/Software Development · Computer Science · DevOps · Docker · Engineering · Information Technology (IT) · Networking · Linux · Azure · AWS,https://wuzzuf.net/jobs/p/lZtcHcM8VjXA-Senior-IT-Engineer-JAC-Cairo-Egypt
CNF Deployment Engineer - Kubernetes & OpenShift,Mag Engineering Works -,"Cairo, Egypt",Full TimeOn-siteExperienced · 3 - 15 Yrs of Exp · IT/Software Development · Engineering - Other · Cloud · Kubernetes · DevOps · Software Deployment · Network Deployment · Jenkins · Linux Operating System · network functions virtualization,https://wuzzuf.net/jobs/p/STIqX1srOrCH-CNF-Deployment-Engineer---Kubernetes-OpenShift-Mag-Engineering-Works-Cairo-Egypt
Backend Developer,Ewa  -,"Cairo, Egypt",Full TimeRemoteExperienced · 3 - 6 Yrs of Exp · IT/Software Development · Laravel · Python Scripting · Django,https://wuzzuf.net/jobs/p/0RVmZi4uvmCL-Backend-Developer-Ewa-Cairo-Egypt
Data Scientist,Unlimiteck -,"Riyadh, Saudi Arabia",Full TimeNot specified · IT/Software Development · Analyst/Research · Engineering - Telecom/Technology · Python · Computer Science · Information Technology (IT) · SQL · Data Science · Data Scientist · Machine Learning,https://wuzzuf.net/jobs/p/g/ZlNHmNnyRrSA-Data-Scientist-Unlimiteck-Riyadh-Saudi-Arabia
AI & Data Trainee,Innovative Solutions -,"Riyadh, Saudi Arabia",Full TimeNot specified · Creative/Design/Art · IT/Software Development · Engineering - Telecom/Technology · AI · Information Technology (IT) · Computer Science · Python · Engineering · Software Engineering · Software Development,https://wuzzuf.net/jobs/p/g/VtuEaTo5ox1i-AI-Data-Trainee-Innovative-Solutions-Riyadh-Saudi-Arabia
Data Engineer-,Master-Works -,"Riyadh, Saudi Arabia",Full TimeNot specified · IT/Software Development · Analyst/Research · Engineering - Telecom/Technology · Information Technology (IT) · Computer Science · Computer Engineering · Engineering · Software Engineering · Software Development · SQL,https://wuzzuf.net/jobs/p/g/k0xZjQ19BrDK-Data-Engineer--Master-Works-Riyadh-Saudi-Arabia
DevOps Engineer,Bydotpy -,"Maadi, Cairo, Egypt",Full TimeOn-siteExperienced · 2 - 3 Yrs of Exp · IT/Software Development · Engineering - Telecom/Technology · AWS · CI/CD · DevOps · Docker · Jenkins · Kubernetes · Azure,https://wuzzuf.net/jobs/p/TA27K1lVEY0t-DevOps-Engineer-Bydotpy-Cairo-Egypt
Senior Devops Engineer,Bevatel -,"Dokki, Giza, Egypt",Full TimeHybridExperienced · 4 - 6 Yrs of Exp · IT/Software Development · Kubernetes · Terraform · Google Cloud · GCP · Cloud · Computer Science · DevOps · Information Technology (IT) · CI/CD,https://wuzzuf.net/jobs/p/wnYNxfGPzi5I-Senior-Devops-Engineer-Bevatel-Giza-Egypt
Senior Data Scientist / Data Scientist – Data & AI Practice,BrickRed Technologies -,"Cairo, Egypt",Full TimeOn-siteManager · 7 - 10 Yrs of Exp · IT/Software Development · Analyst/Research · Engineering - Telecom/Technology · data scientist · Data Science,https://wuzzuf.net/jobs/p/igdKGEyVjhWD-Senior-Data-Scientist-Data-Scientist-–-Data-AI-Practice-BrickRed-Technologies-Cairo-Egypt
Software engineer,ISST-FIBER OCEAN -,"Cairo, Egypt",Full TimeOn-siteExperienced · 5 - 7 Yrs of Exp · IT/Software Development · Computer Science · Information Technology (IT) · Java · Programming · Software · Software Development · Software Engineering,https://wuzzuf.net/jobs/p/lIbXywvQeAQP-Software-engineer-ISST-FIBER-OCEAN-Cairo-Egypt
Pavement Assessment Engineer,Citylogix ME -,"New Cairo, Cairo, Egypt",Full TimeOn-siteEntry Level · Engineering - Other · Quality Control · Engineering · Computer Skills · Communication skills,https://wuzzuf.net/jobs/p/DSOcj2LBdjt1-Pavement-Assessment-Engineer-Citylogix-ME-Cairo-Egypt
AI Engineer – Arabic OCR Specialist,Epic Systems -,"Zamalek, Cairo, Egypt",Full TimeOn-siteExperienced · 1 - 3 Yrs of Exp · IT/Software Development · Arabic · Computer Science · Engineering · AI · English,https://wuzzuf.net/jobs/p/1q6YNmeb5zp8-AI-Engineer-–-Arabic-OCR-Specialist-Epic-Systems-Cairo-Egypt
Junior System Engineer,El-Amir Group -,"Nozha, Cairo, Egypt",Full TimeOn-siteExperienced · 2 - 4 Yrs of Exp · IT/Software Development · Computer Engineering · Information Technology (IT),https://wuzzuf.net/jobs/p/R7t1yZmPA1sW-Junior-System-Engineer-El-Amir-Group-Cairo-Egypt
GIS Technician,Citylogix ME -,"New Cairo, Cairo, Egypt",Full TimeOn-siteExperienced · 2 - 10 Yrs of Exp · IT/Software Development · Arc GIS · GIS · QGIS,https://wuzzuf.net/jobs/p/NJKCWBpb79HZ-GIS-Technician-Citylogix-ME-Cairo-Egypt
Senior Software Quality Control Engineer,SURE International Technology -,"Nasr City, Cairo, Egypt",Full TimeHybridExperienced · 5 - 7 Yrs of Exp · IT/Software Development · Quality · Engineering - Telecom/Technology · Computer Science · Quality Control · Analytical Skills · Control · Engineering · Software Testing,https://wuzzuf.net/jobs/p/A9UfSDRIVJv0-Senior-Software-Quality-Control-Engineer-SURE-International-Technology-Cairo-Egypt
System Administrator,Sandah for micro finance -,"Mohandessin, Giza, Egypt",Full TimeOn-siteExperienced · 1 - 3 Yrs of Exp · Installation/Maintenance/Repair · IT/Software Development · Engineering - Telecom/Technology · Communication · Computer Science · Information Technology (IT) · Networks · System Administration · System administrator · WAN,https://wuzzuf.net/jobs/p/ePAhOS6xohbY-System-Administrator-Sandah-for-micro-finance-Giza-Egypt
Full Stack Developer,TryAladdin -,"Cairo, Egypt",Full TimeRemoteExperienced · 2 - 20 Yrs of Exp · IT/Software Development · JavaScript · MySQL · CSS · Angular · Software Development · Full Stack · Git · HTML · Shopify,https://wuzzuf.net/jobs/p/5rqBgjyUAilb-Full-Stack-Developer-TryAladdin-Cairo-Egypt
Software Tester / QA Engineer - Remote,Guestna -,"Riyadh, Saudi Arabia",Full TimeRemoteExperienced · 3 - 7 Yrs of Exp · IT/Software Development · Quality · React · Node.js · Automation Testing · Quality Assurance,https://wuzzuf.net/jobs/p/kjg1BtWPwfXG-Software-Tester-QA-Engineer---Remote-Guestna-Riyadh-Saudi-Arabia
Cloud DevOps/ Site Reliability Engineer,Synergia -,"Cairo, Egypt",Full TimeRemoteExperienced · 3 - 6 Yrs of Exp · IT/Software Development · Azure · CI/CD · AWS · Cloud · Computer Science · DevOps · Information Technology (IT) · Engineering,https://wuzzuf.net/jobs/p/mFvG77Rsa8Cz-Cloud-DevOps-Site-Reliability-Engineer-Synergia-Cairo-Egypt
Full-Stack Developer,Confidential -,"Cairo, Egypt",Full TimeRemoteExperienced · 2+ Yrs of Exp · IT/Software Development · Engineering - Telecom/Technology · PHP · Angular · Computer Science · CSS · HTML · SQL · Information Technology (IT) · JavaScript,https://wuzzuf.net/jobs/p/W1zQESV6zRCu-Full-Stack-Developer-Cairo-Egypt
Pen Tester- Cyber Security Engineer L1,Fixed Solutions -,"Cairo, Egypt",Full TimeHybridEntry Level · 1 - 3 Yrs of Exp · IT/Software Development · Cybersecurity · Mobile Development · JIRA · Java · Penetration Testing · ASP.Net · Software Development · Software Engineering · Vulnerability Scanning,https://wuzzuf.net/jobs/p/xSghRh4De5g6-Pen-Tester--Cyber-Security-Engineer-L1-Fixed-Solutions-Cairo-Egypt
Nocode Architect / AI Developer,Avetti Commerce FZCO -,"Heliopolis, Cairo, Egypt",Full TimeRemoteEntry Level · 1 - 3 Yrs of Exp · IT/Software Development · React.js · nextjs · software · ecommerce · Programming Language · it · Development · Software Development · Web Development,https://wuzzuf.net/jobs/p/BtlIy8jApHFk-Nocode-Architect-AI-Developer-Avetti-Commerce-FZCO-Cairo-Egypt
Senior IT Engineer,Confidential -,"6th of October, Giza, Egypt",Full TimeOn-siteExperienced · 2 - 4 Yrs of Exp · IT/Software Development · Engineering - Telecom/Technology · Computer Science · Information Technology (IT),https://wuzzuf.net/jobs/p/GYqvlg9mZFoj-Senior-IT-Engineer-Giza-Egypt
"Senior Quality Control (QC) Engineer - (Hybrid in Maadi, Egypt)",Confidential -,"Maadi, Cairo, Egypt",Full TimeHybridExperienced · 4 - 7 Yrs of Exp · IT/Software Development · Quality Control · Software Testing · Automated Testing,https://wuzzuf.net/jobs/p/atSDmUXZ8l95-Senior-Quality-Control-QC-Engineer---Hybrid-in-Maadi-Egypt-Cairo-Egypt
Odoo Business Analyst,Confidential -,"Riyadh, Saudi Arabia",Full TimeRemoteExperienced · 3 - 5 Yrs of Exp · IT/Software Development · Computer Science · Communication skills · Business Analysis · Technical Writing · quality · Analysis · systems analysis · business · Information Technology (IT),https://wuzzuf.net/jobs/p/qT0cLvkZAeQ1-Odoo-Business-Analyst-Riyadh-Saudi-Arabia
Cyber Security Specialist,DOT Information Technology -,"Cairo, Egypt",Full TimeHybridExperienced · 3+ Yrs of Exp · IT/Software Development · Engineering - Telecom/Technology · Computer Science · Network Security,https://wuzzuf.net/jobs/p/cXOZeatsEszs-Cyber-Security-Specialist-DOT-Information-Technology-Cairo-Egypt
Senior Data Scientist,DOT Information Technology -,"New Cairo, Cairo, Egypt",Full TimeHybridExperienced · 4+ Yrs of Exp · IT/Software Development · Analyst/Research · Machine Learning · Information Technology (IT) · Programming · NLP,https://wuzzuf.net/jobs/p/zSqX4xqCqCT6-Senior-Data-Scientist-DOT-Information-Technology-Cairo-Egypt
Full Stack Developer,Cherwell Associates -,"Zamalek, Cairo, Egypt",Full TimeOn-siteExperienced · 4 - 7 Yrs of Exp · IT/Software Development · Engineering - Telecom/Technology · Full Stack · JavaScript · HTML · React · Software Development · MySQL · Angular · Computer Science,https://wuzzuf.net/jobs/p/r1rEJeYTlDMm-Full-Stack-Developer-Cherwell-Associates-Cairo-Egypt
Full Stack Developer,TheFedexperience -,"New Cairo, Cairo, Egypt",Full TimeHybridEntry Level · 1 - 3 Yrs of Exp · females_preferred · Creative/Design/Art · IT/Software Development · Full Stack · CSS · HTML · Information Technology (IT) · React · MySQL · Java · JavaScript,https://wuzzuf.net/jobs/p/Wb82PQp3ZN4s-Full-Stack-Developer-TheFedexperience-Cairo-Egypt
Applications Developer,Egypt Foods -,"Giza, Egypt",Full TimeOn-siteExperienced · 1 - 1 Yrs of Exp · IT/Software Development · JavaScript · Java · Computer Science · Software Engineering · Software Development · Application Development,https://wuzzuf.net/jobs/p/7RIEWkonivw1-Applications-Developer-Egypt-Foods-Giza-Egypt
Senior Full Stack Developer,My Business Care Team -,"Maadi, Cairo, Egypt",Full TimeRemoteExperienced · 5 - 15 Yrs of Exp · IT/Software Development · Amazon AWS · AWS Cloud · AI · ML Ops · aws code pipeline · Computer Science · Engineering · Git · Information Technology (IT),https://wuzzuf.net/jobs/p/pLiVkImtQxOU-Senior-Full-Stack-Developer-My-Business-Care-Team-Cairo-Egypt
EDI analyst,Dora Management Solutions -,"Sheraton, Cairo, Egypt",Full TimeRemoteExperienced · 3 - 5 Yrs of Exp · IT/Software Development · Computer Science · EDI · Information Technology (IT) · Analyst · XML · Retail Business · B2B,https://wuzzuf.net/jobs/p/JRiso6e3Zboe-EDI-analyst-Dora-Management-Solutions-Cairo-Egypt
Senior Application Support Engineer,Al Ahly Momkn for e-payment -,"Maadi, Cairo, Egypt",Full TimeOn-siteExperienced · 3 - 5 Yrs of Exp · IT/Software Development · Engineering - Telecom/Technology · Information Technology (IT) · Application Support · application · Engineering · Linux · SQL · PL/SQL,https://wuzzuf.net/jobs/p/AksffNAYEOQx-Senior-Application-Support-Engineer-Al-Ahly-Momkn-for-e-payment-Cairo-Egypt
Senior Software Engineer,Confidential -,"Ain Shams, Cairo, Egypt",Full TimeOn-siteExperienced · 8 - 12 Yrs of Exp · IT/Software Development · Information Technology (IT) · Programming · Software · Software Development,https://wuzzuf.net/jobs/p/V7goCRpPDIyr-Senior-Software-Engineer-Cairo-Egypt
Data Analyst,Dayra Market  -,"Maadi, Cairo, Egypt",Full TimeOn-siteExperienced · 1 - 7 Yrs of Exp · Analyst/Research · Analysis · business · Computer Science · Data Analysis · Research,https://wuzzuf.net/jobs/p/gklPV6jdYskE-Data-Analyst-Dayra-Market-Cairo-Egypt
DevOps & Cloud Infrastructure Lead,Copad Pharma  -,"Cairo, Egypt",Full TimeOn-siteExperienced · 5+ Yrs of Exp · IT/Software Development · Cloud · Computer Science · DevOps · AWS · Azure · gcp · React · Kubernetes · Docker,https://wuzzuf.net/jobs/p/KfEHiokIDFWV-DevOps-Cloud-Infrastructure-Lead-Copad-Pharma-Cairo-Egypt
Web & Mobile Apps Developer Expert,Cleopatra Hospitals Group -,"New Cairo, Cairo, Egypt",Full TimeOn-siteEntry Level · 1 - 3 Yrs of Exp · IT/Software Development · Computer Science · Design · Software Engineering · Information Technology (IT) · Software Development · Web Development · JavaScript · HTML · CSS,https://wuzzuf.net/jobs/p/pnare4EY3c9L-Web-Mobile-Apps-Developer-Expert-Cleopatra-Hospitals-Group-Cairo-Egypt
IT Operations Supervisor,Kasrawy Group -,"Abu Rawash, Giza, Egypt",Full TimeOn-siteExperienced · 10 - 15 Yrs of Exp · IT/Software Development · Engineering - Telecom/Technology · Information Technology (IT) · Linux · Engineering · Microsoft Office 365 · Security · Microsoft Azure · AWS · Unix/Linux,https://wuzzuf.net/jobs/p/Bkoo25c3HF7s-IT-Operations-Supervisor-Kasrawy-Group-Giza-Egypt
Software Testing,Cubic Information Systems -,"New Cairo, Cairo, Egypt",Full TimeOn-siteExperienced · 2 - 4 Yrs of Exp · IT/Software Development · Quality · Engineering - Telecom/Technology · Information Technology (IT) · Software · Software Testing · Agile · Automation · Software Development · Testing,https://wuzzuf.net/jobs/p/e6MzVWfeVuod-Software-Testing-Cubic-Information-Systems-Cairo-Egypt
Researcher (AI & Technology),Rehabitaire -,"Maadi, Cairo, Egypt",Full TimeOn-siteExperienced · 4+ Yrs of Exp · R&D/Science · IT/Software Development · Analyst/Research · AI · Computer Vision · NLP · Computer · Computer Science · Research · Internet Research,https://wuzzuf.net/jobs/p/OCsZGR12c4dE-Researcher-AI-Technology-Rehabitaire-Cairo-Egypt
Data Scientist,COB Solution  -,"Maadi, Cairo, Egypt",Full TimeOn-siteExperienced · 4 - 10 Yrs of Exp · IT/Software Development · Analyst/Research · Engineering - Telecom/Technology · Computer Science · Data Science · data scientist · Engineering · Information Technology (IT) · Statistics · SQL,https://wuzzuf.net/jobs/p/BGh1w9ObSOuj-Data-Scientist-COB-Solution-Cairo-Egypt
Tech Lead,Rescounts -,"Cairo, Egypt",Full TimeRemoteManager · 8 - 10 Yrs of Exp · Operations/Management · Engineering - Telecom/Technology · Agile · AWS · React · Software Development · JavaScript,https://wuzzuf.net/jobs/p/zLztMuurohxl-Tech-Lead-Rescounts-Cairo-Egypt
Junior Data Analyst,Confidential -,"Cairo, Egypt",Full TimeOn-siteExperienced · 2 - 4 Yrs of Exp · IT/Software Development · Analyst/Research · Engineering - Telecom/Technology · Analyzing · Computer Science · Analysis · Data · Data Analysis · Engineering · Information Technology (IT),https://wuzzuf.net/jobs/p/kl5VSf950AsV-Junior-Data-Analyst-Cairo-Egypt
Operations Coordinator,Extend for IT solutions -,"Maadi, Cairo, Egypt",Full TimeOn-siteExperienced · 3 - 5 Yrs of Exp · Logistics/Supply Chain · Operations/Management · Data Analysis · Operations · Pivot Tables,https://wuzzuf.net/jobs/p/vzeQVQ7OuWdQ-Operations-Coordinator-Extend-for-IT-solutions-Cairo-Egypt
Senior Backend Developer - Django,Nexus Analytica -,"Shorouk City, Cairo, Egypt",Full TimeOn-siteExperienced · 4 - 6 Yrs of Exp · IT/Software Development · Computer Science · Information Technology (IT) · Software Engineering · Software Development · Software Testing,https://wuzzuf.net/jobs/p/VMdelJuzTIky-Senior-Backend-Developer---Django-Nexus-Analytica-Cairo-Egypt
Google Ads Specialist/Campaign Manager,Confidential -,"Cairo, Egypt",Full TimeHybridManager · 2 - 10 Yrs of Exp · Marketing/PR/Advertising · Google Ads · Google Ads Specialist,https://wuzzuf.net/jobs/p/lWQTLwRlhOvo-Google-Ads-SpecialistCampaign-Manager-Cairo-Egypt
Senior Backend Developer,RocketDevs -,"Cairo, Egypt",Full TimeHybridExperienced · 5+ Yrs of Exp · IT/Software Development · Software Development · Ruby · Ruby on Rails · Infrastructure Engineering · Computer Science · Software Engineering · Web Development · API,https://wuzzuf.net/jobs/p/Klp23yDjQD9Q-Senior-Backend-Developer-RocketDevs-Cairo-Egypt
Motion Graphics Designer,Creative Motion -,"Maadi, Cairo, Egypt",Full TimeOn-siteExperienced · 3 - 5 Yrs of Exp · Creative/Design/Art · Adobe After Effects · Motion Graphics · Motion · VFX · graphics · 2D · 3D · compositing · After Effects,https://wuzzuf.net/jobs/p/46a7dMTG9zJa-Motion-Graphics-Designer-Creative-Motion-Cairo-Egypt
Full Stack Developer,Mishkat Nour -,"Nasr City, Cairo, Egypt",Full TimeOn-siteExperienced · 5 - 6 Yrs of Exp · IT/Software Development · Engineering - Telecom/Technology · developer · Full Stack Developer · Full Stack · Computer Science · Stack · Software Development · Information Technology (IT) · CSS,https://wuzzuf.net/jobs/p/g5YlJRb6QEPd-Full-Stack-Developer-Mishkat-Nour-Cairo-Egypt
Data & AI Presales Consultant,Global Brands -,"New Cairo, Cairo, Egypt",Full TimeHybridExperienced · 5 - 7 Yrs of Exp · IT/Software Development · Sales/Retail · Data · AI · Information Technology (IT) · Presales · Sales · SQL · Communication skills · Computer Science,https://wuzzuf.net/jobs/p/7aaa75tBVcml-Data-AI-Presales-Consultant-Global-Brands-Cairo-Egypt
Senior Full stack Java developer,MTS-IT -,"Maadi, Cairo, Egypt",Full TimeOn-siteExperienced · 2 - 5 Yrs of Exp · IT/Software Development · Engineering - Telecom/Technology · Angular · Computer Science · Full Stack · Information Technology (IT) · Software Development · CSS · spring Framework · Java SE,https://wuzzuf.net/jobs/p/LEo6pOM6vIM6-Senior-Full-stack-Java-developer-MTS-IT-Cairo-Egypt
Software Tech Lead,Fixed Solutions -,"Cairo, Egypt",Full TimeHybridManager · 10+ Yrs of Exp · IT/Software Development · Engineering - Telecom/Technology · Computer Engineering · Computer Science · Software Development · Software Engineering · Engineering · Information Technology (IT) · JavaScript · React,https://wuzzuf.net/jobs/p/0B3Pq8U92WYW-Software-Tech-Lead-Fixed-Solutions-Cairo-Egypt
Machine Learning Engineer,Confidential -,"Cairo, Egypt",Full TimeRemoteEntry Level · 3 - 5 Yrs of Exp · IT/Software Development · Computer Science · Information Technology (IT) · Engineering · computer,https://wuzzuf.net/jobs/p/4QAnXaVL1BQn-Machine-Learning-Engineer-Cairo-Egypt
ESRI ArcGIS & Schneider Electric ArcFM Administrator,MOBILY INFOTECH LTD INDIA -,"Cairo, Egypt",Full TimeHybridExperienced · 6 - 10 Yrs of Exp · Operations/Management · ArcGIS Enterprise · ArcGIS Server · ArcGIS Online · PLSQL · SQL,https://wuzzuf.net/jobs/p/UCBhO2yS3wRC-ESRI-ArcGIS-Schneider-Electric-ArcFM-Administrator-MOBILY-INFOTECH-LTD-INDIA-Cairo-Egypt
Full Stack Developer ( web & mobile ),Dakkaken Group -,"Nasr City, Cairo, Egypt",Full TimeOn-siteSenior Management · 5+ Yrs of Exp · IT/Software Development · Software Development · Communication skills · Web Development · Mobile Development · Frameworks · flutter · Web · Mobile,https://wuzzuf.net/jobs/p/Uqpx2636azmt-Full-Stack-Developer-web-mobile-Dakkaken-Group-Cairo-Egypt
Odoo System Business Analyst,Centione -,"Riyadh, Saudi Arabia",Full TimeOn-siteExperienced · 3 - 5 Yrs of Exp · IT/Software Development · Analyst/Research · Computer Science · ERP · Information technology · Odoo · System Analysis,https://wuzzuf.net/jobs/p/YdD4AKYKf1JZ-Odoo-System-Business-Analyst-Centione-Riyadh-Saudi-Arabia
Cloud Engineer,Confidential -,"Cairo, Egypt",Full TimePart TimeRemoteExperienced · 2 - 4 Yrs of Exp · IT/Software Development · Engineering - Telecom/Technology · AWS · Azure · Cloud · Engineering,https://wuzzuf.net/jobs/p/9uEK1JGdva98-Cloud-Engineer-Cairo-Egypt
Senior Data Analyst,Tamweely -,"Downtown, Cairo, Egypt",Full TimeOn-siteExperienced · 3 - 5 Yrs of Exp · IT/Software Development · Analyst/Research · analytical · Analysis · Data Analysis · SQL · Computer Science,https://wuzzuf.net/jobs/p/fnzfOgDaVGDM-Senior-Data-Analyst-Tamweely-Cairo-Egypt
Software Developer- LLM,Fuzu Remote -,"Cairo, Egypt",Freelance / ProjectRemoteExperienced · 2 - 7 Yrs of Exp · IT/Software Development · Debugging · Code Generation · Code Performance · Communication · Automated Testing Tools · Black Box Testing · Computer Science · Engineering · Software,https://wuzzuf.net/jobs/p/La5GpqWh7RR4-Software-Developer--LLM-Fuzu-Remote-Cairo-Egypt
ERP System - Odoo Specialist,Marbella For Food Industry  -,"6th of October, Giza, Egypt",Full TimeOn-siteExperienced · 3 - 5 Yrs of Exp · Accounting/Finance · IT/Software Development · Manufacturing/Production · Information Technology (IT) · Odoo · Manufacturing · Communication skills · Computer Science · ERP,https://wuzzuf.net/jobs/p/TP2lIVWSocJS-ERP-System---Odoo-Specialist-Marbella-For-Food-Industry-Giza-Egypt
Electrical Automation Control Engineer,Beta Electronics -,"Giza, Egypt",Full TimeOn-siteExperienced · 2 - 4 Yrs of Exp · males_only · Installation/Maintenance/Repair · Manufacturing/Production · Engineering - Mechanical/Electrical · Control panel wiring · Electrical control systems · Automation Control Engineer · Control Systems Engineer · Industrial Automation Engineer · Electrical Automation Engineer · Automation Engineer,https://wuzzuf.net/jobs/p/kkAor3XDSt3h-Electrical-Automation-Control-Engineer-Beta-Electronics-Giza-Egypt
UI/UX Designer (Desktop & Web Applications),Copad Pharma  -,"Cairo, Egypt",Full TimeOn-siteExperienced · 3+ Yrs of Exp · Creative/Design/Art · IT/Software Development · UI/UX · CSS · Design · HTML · UI · UX · ux design,https://wuzzuf.net/jobs/p/HOVJJ0ZMe5GO-UIUX-Designer-Desktop-Web-Applications-Copad-Pharma-Cairo-Egypt
Odoo Functional Consultant,Confidential -,"New Cairo, Cairo, Egypt",Full TimePart TimeHybridEntry Level · 1 - 3 Yrs of Exp · IT/Software Development · ERP · odoo · Implementation,https://wuzzuf.net/jobs/p/dV1nf3DhZoHq-Odoo-Functional-Consultant-Cairo-Egypt
Market research specialist,forest-line -,"New Cairo, Cairo, Egypt",Full TimeOn-siteExperienced · 1 - 3 Yrs of Exp · Business Development · Analyst/Research · Business Development · Marketing Research · Research Analysis · Business Analysis,https://wuzzuf.net/jobs/p/hXe5ygA0BUDT-Market-research-specialist-forest-line-Cairo-Egypt
Full Stack Flutter Mobile Developer,Dakkaken Group -,"Nasr City, Cairo, Egypt",Full TimeOn-siteExperienced · 3 - 5 Yrs of Exp · IT/Software Development · Agile · Computer Science · Information Technology (IT) · Engineering · Java · JavaScript · Laravel · Git · MongoDB,https://wuzzuf.net/jobs/p/x132S0NHO216-Full-Stack-Flutter-Mobile-Developer-Dakkaken-Group-Cairo-Egypt
